"parameter","Estimate","Est.Error","l-95% CI","u-95% CI","Rhat","Bulk_ESS","Tail_ESS"
"Intercept",0.921864094905976,0.0584302677298735,0.80552419950405,1.03436089762497,1.00114637379448,1596.59704981585,2580.72781512628
"total_prevalence",-22.882640719678,5.66901883743633,-33.8183950575794,-11.5511508217795,1.00110595381531,1595.87479606556,2584.4443047986
"sspirometry_rate_1",-1.08964275992791,0.106012105227179,-1.33752726301226,-0.920869585880426,1.00315235182008,1870.45664873554,3020.12418113343
"slethality_rate_1",0.173286875473926,0.154521193802796,-0.124455419013293,0.47670496483516,1.0010843614259,3739.41263460642,4425.96681238564
"spatients_rate_1",-0.0288035105452995,0.37078124617764,-0.766030359800935,0.684860126897571,1.00098309129742,1577.93156457662,2824.67415955756
"sbiomass_stove_usage_1",-0.0183820496001895,0.0921743725831803,-0.229765526744081,0.169466993958782,1.00132673150423,2254.33517043957,2840.25398204816
"smultidimensional_poverty_index_1",0.144847973751241,0.110988134255739,-0.0376449522348819,0.381164668025173,1.00112260667137,1972.80541074948,3916.27975793186
"spop_over_40_percent_1",-0.34040453729323,0.0973560984892094,-0.533143951999238,-0.150184221715732,1.00134698854748,1564.75787687822,3288.02792324399
